Professor,University,Country,Ranking,Subject,Email?,Responed?,Fund,Dead line,Priority,Note,Email addresss,Checked?
Davide Dardari,University of Bologna,Italy,,Wireless communication and localization,☑,N,P ~1700,,6.0,,,YES
Carlo Alberto Boano,Graz University of Technology,Austria,,"IoT, Wireless Sensor Networks",☑,Y!,??,,7.0,they answered and told me to apply again for spring 2026,carloalberto.boano@gmail.com,YES
Ismail Guvenc,North Carolina State University,The US,,"5G, Localization",☐,,,,5.0,,,YES
,Radbound University,NL,,"Neuroscience, AI and Medicine Exploring Neural Mechanisms of Movement",☑,Y,"€ 3,059 - € 3,881",2025-10-15,7.0,,,YES
Klaus Witrisal, Graz University of Technology,Austria,,Wireless CommunicationsSignal ProcessingChannel ModelingRadio Localization and Sensing,☐,,3000,,6.0,,,YES
Olga Saukh, Graz University of Technology,Austria,,embedded intelligencemachine learningdeep learningsensingedge AI,☐,,,,6.0,,,YES
Rajesh Balan,Singapore Management University,Singapore,,"GPS, Software",☐,,,,6.0,,rajesh@smu.edu.sg,YES
Niki Trigoni,University of Oxford,UK,,Sensor networksIndoor localisationCyber physical systems,☐,,,,8.0,,niki.trigoni@cs.ox.ac.uk,YES
Juha Plosila,University of Turku,Finland,,"embedded systems, multiprocessor system-on-chip (SoC), heterogeneous systems, reconfigurable computing, digital circuits and systems.",☐,,,,5.0,,,YES
Antti Honkela,University of Helsinki,Finland,,Data Science (Machine Learning & AI),☐,,,,9.0,,,YES
Jukka Talvitie,University of Helsinki,Finland,,Toward Seamless Localization: Situational Awareness Using UWB Wearable Systems and Convolutional Neural Networks (2023),☐,,,,9.0,https://openalex.org/A5044609448,,YES
Luca Benini,ETH Zürich and Bologna,Switzerland and Italy,,Self-Sustaining Ultrawideband Positioning System for Event-Driven Indoor Localization (2023),☐,,,,10.0,https://openalex.org/A5043408422,,YES
Cheng‐Wei Qiu,National University of Singapore (NUS),Singapore,,Origami metamaterials for ultra-wideband and large-depth reflection modulation (2024),☐,,,,10.0,https://openalex.org/A5089609880,,YES
Solmaz S. Kia,"University of California, Irvine (UCI)",The Us,,Self-Localizing On-Demand Portable Wireless Beacons for Coverage Enhancement of RF Beacon-Based Indoor Localization Systems (2023),☐,,,,8.0,https://openalex.org/A5049439078,,YES
,,,,,,,,,,,,NO
Cheng‐Wei Qiu,National University of Singapore (NUS),Singapore,,Origami metamaterials for ultra-wideband and large-depth reflection modulation (2024),,,,,10.0,https://openalex.org/A5089609880,,YES
,"Nanyang Technological University, Singapore (NTU Singapore)",Singapore,,,,,,,10.0,,,YES
Cheng‐Wei Qiu,Singapore University of Technology and Design (QS 519),Singapore,,Origami metamaterials for ultra-wideband and large-depth reflection modulation (2024),,,,,10.0,https://openalex.org/A5089609880,,YES
,The University of Auckland,New Zealand,,,,,,,7.0,,,YES
Sarah Whitehead,University of Otago,New Zealand,,Consensus on a netball video analysis framework of descriptors and definitions by the netball video analysis consensus group (2023),,,,,6.0,https://openalex.org/A5045152528,,YES
Xuan Song,The University of Tokyo,Japan,,Domain Adversarial Graph Convolutional Network Based on RSSI and Crowdsensing for Indoor Localization (2023),,,,,10.0,https://openalex.org/A5046856721,,YES
Hiroshi Harada,Kyoto University,Japan,,3GPP-Compatible Channel Generation Framework for FR2-2 Indoor Short-Range Communication (2023),,,,,10.0,https://openalex.org/A5087987207,,YES
Yi‐Ping Hung,Tokyo Institute of Technology (Tokyo Tech),Japan,,VIUNet: Deep Visual–Inertial–UWB Fusion for Indoor UAV Localization (2023),,,,,10.0,https://openalex.org/A5102935450,,YES
Moustafa Youssef,Osaka University,Japan,,Privacy-Preserving by Design: Indoor Positioning System Using Wi-Fi Passive TDOA (2023),,,,,10.0,https://openalex.org/A5008352007,,YES
Shinichiro Omachi,Tohoku University,Japan,,Collaborative Indoor Positioning by Localization Comparison at an Encounter Position (2023),,,,,9.0,https://openalex.org/A5020830042,,YES
Nobuo Kawaguchi,Nagoya University,Japan,,A Survey of Ground Truth Measurement Systems for Indoor Positioning (2023),,,,,9.0,https://openalex.org/A5045353484,,YES
Hiromichi Hashizume,Hokkaido University,Japan,,Smartphone Indoor Positioning using Inertial and Ambient Light Sensors (2023),,,,,9.0,https://openalex.org/A5102856248,,YES
Ryo Kurazume,Kyushu University,Japan,,Indoor Position Estimation using NLoS Information by Wireless Distance Sensors (2023),,,,,9.0,https://openalex.org/A5073445963,,YES
Siti Rohana Ahmad Ibrahim,Waseda University,Japan,,A Review of Indoor Positioning Systems for UAV Localization with Machine Learning Algorithms (2023),,,,,9.0,https://openalex.org/A5020400844,,YES
Guan Gui,Keio University,Japan,,Regularized Multi-Label Learning Empowered Joint Activity Recognition and Indoor Localization With CSI Fingerprints (2024),,,,,9.0,https://openalex.org/A5027367677,,YES
Donghwan Lee,Seoul National University,South Korea,,WayIL: Image-based Indoor Localization with Wayfinding Maps (2024),,,,,10.0,https://openalex.org/A5100654317,,YES
Jiwon Seo,Yonsei University,South Korea,,Low-Cost GNSS Simulators With Wireless Clock Synchronization for Indoor Positioning (2023),,,,,10.0,https://openalex.org/A5100657256,,YES
Wonjae Shin,Korea University,South Korea,,"Toward Integrated Sensing and Communications for 6G: Key Enabling Technologies, Standardization, and Challenges (2024)",,,,,10.0,https://openalex.org/A5009725517,,YES
Kyung‐Tae Kim,Pohang University of Science And Technology (POSTECH),South Korea,,Multipath Signal Mitigation for Indoor Localization Based on MIMO FMCW Radar System (2023),,,,,10.0,https://openalex.org/A5100713090,,YES
Daehan Kwak,Sungkyunkwan University (SKKU),South Korea,,"A Systematic Review of Contemporary Indoor Positioning Systems: Taxonomy, Techniques, and Algorithms (2024)",,,,,10.0,https://openalex.org/A5009184228,,YES
Jae-il Jung,Hanyang University,South Korea,,Accurate Indoor Positioning for UWB-Based Personal Devices Using Deep Learning (2023),,,,,9.0,https://openalex.org/A5081367261,,YES
Gangil Byun,Ulsan National Institute of Science and Technology (UNIST),South Korea,,Ultra-Wideband Frequency-Invariant Beamforming Using a Generalized Nesting Array (2024),,,,,7.0,https://openalex.org/A5044783058,,YES
Joongeup Kye,Kyung Hee University,South Korea,,Comparative Analysis of Integrated Filtering Methods Using UWB Localization in Indoor Environment (2024),,,,,7.0,https://openalex.org/A5080533010,,YES
X. J. Zhu,Beijing Normal University,China,,Ultra-wideband polarimetry of the April 2021 profile change event in PSR J1713+0747 (2025),,,,,7.0,https://openalex.org/A5033053320,,YES
Xingjun Wang,Peking University,China,,Integrated photonics enabling ultra-wideband fibre–wireless communication (2026),,,,,10.0,https://openalex.org/A5126346057,,YES
Zheng Yang,Tsinghua University,China,,REFLoc: A Resilient Evolutionary Fusion Framework for Robust Indoor Localization (2024),,,,,10.0,https://openalex.org/A5061103594,,YES
Xin Wang,Fudan University,China,,A Survey of Latest Wi-Fi Assisted Indoor Positioning on Different Principles (2023),,,,,10.0,https://openalex.org/A5061028507,,YES
Yikai Su,Shanghai Jiao Tong University,China,,Ultra‐wideband integrated photonic devices on silicon platform: from visible to mid‐IR (2023),,,,,10.0,https://openalex.org/A5026515323,,YES
Tong Cai,Zhejiang University,China,,Multi-characteristic Integrated Ultra-wideband Frequency Selective Rasorber (2024),,,,,10.0,https://openalex.org/A5110977361,,YES
Junming Zhao,Nanjing University,China,,A Novel Ultra‐Wideband Electromagnetic‐Wave‐Absorbing Metastructure Inspired by Bionic Gyroid Structures (2023),,,,,10.0,https://openalex.org/A5024794935,,YES
Yikai Su,Shanghai Jiao Tong University,China,,Ultra‐wideband integrated photonic devices on silicon platform: from visible to mid‐IR (2023),,,,,10.0,https://openalex.org/A5026515323,,YES
Yuanming Shi,Zhejiang University,China,,Energy-Efficient Optimal Mode Selection for Edge AI Inference via Integrated Sensing-Communication-Computation (2024),,,,,10.0,https://openalex.org/A5022499594,,YES
,Nanjing University,China,,,,,,,10.0,,,YES
,University of Science and Technology of China,China,,,,,,,9.0,,,YES
,Tongji University,China,,,,,,,9.0,,,YES
,Wuhan University,China,,,,,,,9.0,,,YES
Lars Rönnegård,University of Copenhagen,Denmark,,Cow characteristics associated with the variation in number of contacts between dairy cows (2023),,,,,10.0,https://openalex.org/A5085747746,,YES
Xiaolong Zhu,Technical University of Denmark,Denmark,,Application of metasurface in future displays (2025),,,,,10.0,https://openalex.org/A5072550494,,YES
Markus Münzenberg,Aarhus University,Denmark,,Comparative analysis of THz signal emission from bilayer heterostructures: Wideband and high-frequency THz signal advantage of PtBi-based emitter (2024),,,,,10.0,https://openalex.org/A5089808777,,YES
Susana Póvoas,University of Southern Denmark (SDU),Denmark,,Positional differences in match performance for key elite male team handball players at the EHF EURO 2022 (2026),,,,,8.0,https://openalex.org/A5080521951,,YES
Yang Miao,Aalborg University,Denmark,,A UAV-Aided Real-Time Channel Sounder for Highly Dynamic Nonstationary A2G Scenarios (2023),,,,,8.0,https://openalex.org/A5039982512,,YES
Ingve Simonsen,Norwegian University of Science And Technology,Norway,,Switchable Ultra-Wideband All-Optical Quantum Dot Reflective Semiconductor Optical Amplifier (2023),,,,,8.0,https://openalex.org/A5037337156,,YES
Henrik Baktoft,University of Bergen,Norway,,Positioning aquatic animals with acoustic transmitters (2023),,,,,8.0,https://openalex.org/A5087753687,,YES
Nobby Stevens,KU Leuven,Belgium,,An Experimental Testbed for the Performance Evaluation of Optical Time Difference of Arrival Based Indoor Positioning (2024),,,,,10.0,https://openalex.org/A5020679063,,YES
Eli De Poorter,Ghent University,Belgium,,Ultra Wideband (UWB) Localization Using Active CIR-Based Fingerprinting (2023),,,,,9.0,https://openalex.org/A5026442244,,YES
Radu-Daniel Vatavu,Université catholique de Louvain (UCLouvain),Belgium,,RadarSense: Accurate Recognition of Mid-air Hand Gestures with Radar Sensing and Few Training Examples (2023),,,,,9.0,https://openalex.org/A5033726877,,YES
,Universite libre de Bruxelles,Belgium,,,,,,,8.0,,,YES
Orhan Dağdevıren,University of Antwerp,Belgium,,An Experimental Evaluation of Indoor Localization in Autonomous Mobile Robots (2025),,,,,10.0,https://openalex.org/A5004224779,,YES
Johan Stien,Vrije Universiteit Brussel (VUB),Belgium,,Machine learning-optimized terahertz ultra-wideband tunable metamaterial absorber (2025),,,,,8.0,https://openalex.org/A5117422059,,YES
Emily Arnold,Université de Liège,Belgium,,Snow stratigraphy observations from Operation IceBridge surveys in Alaska using S and C band airborne ultra-wideband FMCW (frequency-modulated continuous wave) radar (2023),,,,,7.0,https://openalex.org/A5000544440,,YES
Fredrik Tufvesson,Lund University,Sweden,,High-Precision Machine-Learning Based Indoor Localization with Massive MIMO System (2023),,,,,10.0,https://openalex.org/A5073439066,,YES
Mikael Gidlund,KTH Royal Institute of Technology,Sweden,,Indoor Positioning in 5G-Advanced: Challenges and Solution Toward Centimeter-Level Accuracy with Carrier Phase Enhancements (2024),,,,,10.0,https://openalex.org/A5004012289,,YES
Isaac Skog,Uppsala University,Sweden,,MAINS: A Magnetic Field Aided Inertial Navigation System for Indoor Positioning (2023),,,,,10.0,https://openalex.org/A5057769293,,YES
Henrik Baktoft,Stockholm University,Sweden,,Positioning aquatic animals with acoustic transmitters (2023),,,,,9.0,https://openalex.org/A5087753687,,YES
Mikko Valkama,Chalmers University of Technology,Sweden,,Failure Tolerant Phase-Only Indoor Positioning via Deep Learning (2025),,,,,9.0,https://openalex.org/A5054197935,,YES
Daniel Arvidsson,University of Gothenburg,Sweden,,Fourteen days free-living evaluation of an open-source algorithm for counting steps in healthy adults with a large variation in physical activity level (2023),,,,,8.0,https://openalex.org/A5078102195,,YES
Daniel Arvidsson,University of Gothenburg,Sweden,,Fourteen days free-living evaluation of an open-source algorithm for counting steps in healthy adults with a large variation in physical activity level (2023),,,,,7.0,https://openalex.org/A5078102195,,YES
,Umea University,Sweden,,,,,,,6.0,,,YES
Nuria González‐Prelcic,Aalto University,Finland,,"Multicarrier ISAC: Advances in waveform design, signal processing, and learning under nonidealities (2024)",,,,,9.0,https://openalex.org/A5056278281,,YES
Jukka Talvitie,University of Helsinki,Finland,,Toward Seamless Localization: Situational Awareness Using UWB Wearable Systems and Convolutional Neural Networks (2023),,,,,9.0,https://openalex.org/A5044609448,,YES
Markku Juntti,University of Oulu,Finland,,Performance Analysis and Power Allocation for Massive MIMO ISAC Systems (2025),,,,,7.0,https://openalex.org/A5029534229,,YES
Jorge Peña-Queralta,University of Turku,Finland,,Exploiting redundancy for UWB anomaly detection in infrastructure-free multi-robot relative localization (2023),,,,,7.0,https://openalex.org/A5093561961,,YES
Zhen Zhang,Lappeenranta-Lahti University of Technology LUT,Finland,,Research on 3D Localization Technology Based on Hybrid Signal Models and Adaptive Dynamic Weight Whale Optimization Algorithm (2025),,,,,6.0,https://openalex.org/A5101480038,,YES
Angela P. Schoellig,Technical University of Munich,Germany,22,UTIL: An ultra-wideband time-difference-of-arrival indoor localization dataset (2024),,,,,10.0,https://openalex.org/A5052147335,,YES
Hélène Seroussi,Ludwig-Maximilians-Universität München,Germany,58,"Heterogeneous Basal Thermal Conditions Underpinning the Adélie‐George V Coast, East Antarctica (2024)",,,,,9.0,https://openalex.org/A5046027378,,YES
Jari Nurmi,Universität Heidelberg,Germany,80,Adaptive approximate computing in edge AI and IoT applications: A review (2024),,,,,9.0,https://openalex.org/A5035297149,,YES
,Freie Universitaet Berlin,Germany,88,,,,,,9.0,,,YES
Uwe D. Hanebeck,"KIT, Karlsruhe Institute of Technology",Germany,98,Continuous-Time Ultra-Wideband-Inertial Fusion (2023),,,,,9.0,https://openalex.org/A5055331421,,YES
Elisabeth Clausen,RWTH Aachen University,Germany,105,Development and Evaluation of a UWB-Based Indoor Positioning System for Underground Mine Environments (2023),,,,,9.0,https://openalex.org/A5054432753,,YES
Edna Hillmann,Humboldt-Universität zu Berlin,Germany,130,Pinpointing pigs: performance and challenges of an ultra-wideband real-time location system for tracking growing-finishing pigs under practical conditions (2024),,,,,8.0,https://openalex.org/A5017297216,,YES
Robert B. Kohlhaas,Technische Universität Berlin (TU Berlin),Germany,145,Ultra-Wideband PIN-PD THz Emitter with > 5.5 THz Bandwidth (2024),,,,,8.0,https://openalex.org/A5049029990,,YES
Alexander Koelpin,Universität Hamburg,Germany,193,Heart Sound Detection Using an Ultra-Wideband FMCW Radar (2023),,,,,8.0,https://openalex.org/A5019989632,,YES
,The Korea Advanced Institute of Science and Technology (KAIST),South Korea,,,,,,,,,,YES
Peter B. Shull,Delft University of Technology,Netherlands,,Asynchronous Hyperbolic UWB Source-Localization and Self-Localization for Indoor Tracking and Navigation (2023),,,,,,https://openalex.org/A5076415123,,YES
Yuchuan Du,Eindhoven University of Technology,Netherlands,,Data-Driven Indoor Positioning Correction for Infrastructure-Enabled Autonomous Driving Systems: A Lifelong Framework (2023),,,,,,https://openalex.org/A5004514343,,YES
Yang Miao,University of Twente,Netherlands,,A UAV-Aided Real-Time Channel Sounder for Highly Dynamic Nonstationary A2G Scenarios (2023),,,,,,https://openalex.org/A5039982512,,YES
Luca Benini,ETH Zurich,Switzerland,,Self-Sustaining Ultrawideband Positioning System for Event-Driven Indoor Localization (2023),,,,,,https://openalex.org/A5043408422,,YES
Andreas Burg,EPFL,Switzerland,,Single-Anchor UWB Localization Using Channel Impulse Response Distributions (2023),,,,,,https://openalex.org/A5059133771,,YES
Tülin Atmaca,Institut Polytechnique de Paris,France,,XAI Empowered Dual Band Wi-Fi Based Indoor Localization via Ensemble Learning (2023),,,,,,https://openalex.org/A5080399533,,YES
Isaac Skog,Grenoble INP,France,,MAINS: A Magnetic-Field-Aided Inertial Navigation System for Indoor Positioning (2024),,,,,,https://openalex.org/A5057769293,,YES
Xiang‐Gen Xia,Harbin Institute of Technology,China,,An Adaptive IMU/UWB Fusion Method for NLOS Indoor Positioning and Navigation (2023),,,,,,https://openalex.org/A5065367615,,YES
Kenji Suzuki,University of Tsukuba,Japan,,Peer-to-Peer Ultra-Wideband Localization for Hands-Free Control of a Human-Guided Smart Stroller (2024),,,,,,https://openalex.org/A5100618207,,YES
Nobby Stevens,IMEC / KU Leuven,Belgium,,An Experimental Testbed for the Performance Evaluation of Optical Time Difference of Arrival Based Indoor Positioning (2024),,,,,,https://openalex.org/A5020679063,,YES
,,,,,,,,,,,,NO
Lower Universities which can be good,,,,,,,,,,,,NO
Andreas Stöhr,University of Duisburg-Essen,Germany,801-850,Ultra-Wideband Multi-Octave Planar Interconnect for Multi-Band THz Communications (2023),,,,,5.0,https://openalex.org/A5046865796,,YES
Ruediger Kays,Technische Universität Dortmund,Germany,673,Achieving Sub-meter Accuracy for 5G Localization at FR1 Bandwidth Limitations (2023),,,,,6.0,https://openalex.org/A5032845767,,YES
Monika Sester,Leibniz University Hannover,Germany,433,Integrated Multi-Stereo Camera System for Robust Indoor Localization with Temporal Fusion (2024),,,,,7.0,https://openalex.org/A5020817045,,YES
Daniel E. Rosner,Tampere University,Finland,423,FlexTDOA: Robust and Scalable Time-Difference of Arrival Localization Using Ultra-Wideband Devices (2023),,,,,7.0,https://openalex.org/A5082568352,,YES
Mikko Vastaranta,University of Eastern Finland,Finland,604,Ultra-Wideband-Based Method for Measuring Tree Positions With Decimeter-Level Accuracy Under a Forest Canopy (2025),,,,,6.0,https://openalex.org/A5047838080,,YES
Uwe D. Hanebeck,Linköping University,Sweden,310,Continuous-Time Ultra-Wideband-Inertial Fusion (2023),,,,,8.0,https://openalex.org/A5055331421,,YES
Naeem Khademi,University of Stavanger,Norway,851-900,Evaluation Study of Inertial Positioning in Road Tunnels for Cooperative ITS Applications (2023),,,,,5.0,https://openalex.org/A5113819740,,YES
Johan Stien,Vrije Universiteit Brussel,Belgium,294,Machine learning-optimized terahertz ultra-wideband tunable metamaterial absorber (2025),,,,,8.0,https://openalex.org/A5117422059,,YES
Yang Miao,University of Twente,Netherlands,203,A UAV-Aided Real-Time Channel Sounder for Highly Dynamic Nonstationary A2G Scenarios (2023),,,,,8.0,https://openalex.org/A5039982512,,YES
Peter Brída,Warsaw University of Technology,Poland,487,Selection of Signal Sources Influence at Indoor Positioning System (2023),,,,,6.0,https://openalex.org/A5089496860,,YES
Suramate Chalermwisutkul,Wrocław University of Science and Technology,Poland,851-900,Low-Cost Indoor Localization Using Dual-Chip RFID Tag (2024),,,,,5.0,https://openalex.org/A5060445574,,YES
Andrea Carena,Politecnico di Torino,Italy,242,ML-Based Spectral Power Profiles Prediction in Presence of ISRS for Ultra-Wideband Transmission (2023),,,,,8.0,https://openalex.org/A5056219057,,YES
Carlo Vallati,University of Pisa,Italy,343,Short-Range Localization via Bluetooth Using Machine Learning Techniques for Industrial Production Monitoring (2023),,,,,7.0,https://openalex.org/A5086067526,,YES
Isaac Skog,Université Grenoble Alpes,France,321,MAINS: A Magnetic-Field-Aided Inertial Navigation System for Indoor Positioning (2024),,,,,7.0,https://openalex.org/A5057769293,,YES
Yuchuan Du,Eindhoven University of Technology,Netherlands,140,Data-Driven Indoor Positioning Correction for Infrastructure-Enabled Autonomous Driving Systems: A Lifelong Framework (2023),,,,,8.0,https://openalex.org/A5004514343,,YES
,,,,,,,,,,,,NO
Tülin Atmaca,Institut Polytechnique de Paris (3years phd programs),France,41,XAI Empowered Dual Band Wi-Fi Based Indoor Localization via Ensemble Learning (2023),,,,,8.0,https://openalex.org/A5080399533,,YES
Zijian Li,Hong Kong University of Science and Technology,Hong Kong,44,FedPos: A Federated Transfer Learning Framework for CSI-Based Wi-Fi Indoor Positioning (2023),,,,,9.0,https://openalex.org/A5038979005,,YES
,The Chinese University of Hong Kong,Hong Kong,32,https://www.cuhk.edu.hk/english/admissions/admissions.html,,,,,9.0,,,YES
Xiang‐Gen Xia,City University of Hong Kong,Hong Kong,63,An Adaptive IMU/UWB Fusion Method for NLOS Indoor Positioning and Navigation (2023),,,,,9.0,https://openalex.org/A5065367615,,YES
Angela P. Schoellig,University of Toronto,Canada,29,UTIL: An ultra-wideband time-difference-of-arrival indoor localization dataset (2024),,,,,8.0,https://openalex.org/A5052147335,,YES
Shuguang Cui,University of British Columbia,Canada,40,"A Survey on Indoor Visible Light Positioning Systems: Fundamentals, Applications, and Challenges (2024)",,,,,8.0,https://openalex.org/A5009164482,,YES
Xuemin Shen,University of Waterloo,Canada,119,"A Survey of mmWave Radar-Based Sensing in Autonomous Vehicles, Smart Homes and Industry (2024)",,,,,7.0,https://openalex.org/A5100773343,,YES
Jérôme Le Ny,McGill University,Canada,27,Calibration and Uncertainty Characterization for Ultra-Wideband Two-Way-Ranging Measurements (2023),,,,,8.0,https://openalex.org/A5012980200,,YES
Andrew Chan,University of Alberta,Canada,94,Automated Detection of In-Home Activities with Ultra-Wideband Sensors (2024),,,,,7.0,https://openalex.org/A5043180508,,YES
Zhengjun Yao,The University of Melbourne,Autralia,19,Multi‐Scale Dispersion Engineering on Biomass‐Derived Materials for Ultra‐Wideband and Wide‐Angle Microwave Absorption (2024),,,,,8.0,https://openalex.org/A5066063907,,YES
Bing Yu,UNSW Sydney,Autralia,20,"Indoor Localization Methods for Smartphones with Multi-Source Sensors Fusion: Tasks, Challenges, Strategies, and Perspectives (2025)",,,,,8.0,https://openalex.org/A5078494765,,YES
Harry Kai-Ho Chan,Monash University,Autralia,36,Contact Tracing Over Uncertain Indoor Positioning Data (2023),,,,,8.0,https://openalex.org/A5047655841,,YES
Xiang‐Gen Xia,Harbin Institute of Technology,China,256,An Adaptive IMU/UWB Fusion Method for NLOS Indoor Positioning and Navigation (2023),,,,,7.0,https://openalex.org/A5065367615,,YES
Kenji Suzuki,University of Tsukuba,Japan,350,Peer-to-Peer Ultra-Wideband Localization for Hands-Free Control of a Human-Guided Smart Stroller (2024),,,,,7.0,https://openalex.org/A5100618207,,YES
,,,,,,,,,,,,NO
,,,,,,,,,,,,NO
,,,,,,,,,,,,NO
,,,,,,,,,,,,NO
,,,,,,,,,,,,NO
,,,,,,,,,,,,NO
,,,,,,,,,,,,NO
,,,,,,,,,,,,NO
,,,,,,,,,,,,NO
,,,,,,,,,,,,NO
,,,,,,,,,,,,NO
,,,,,,,,,,,,NO
,,,,,,,,,,,,NO
,,,,,,,,,,,,NO
,,,,,,,,,,,,NO
Junming Zhao,Arizona State University,,,A Novel Ultra‐Wideband Electromagnetic‐Wave‐Absorbing Metastructure Inspired by Bionic Gyroid Structures (2023),,,,,,https://openalex.org/A5024794935,,YES
Naofal Al‐Dhahir,University of Texas at Dallas,,,OpenPose-Inspired Reduced-Complexity CSI-Based Wi-Fi Indoor Localization (2024),,,,,,https://openalex.org/A5081018704,,YES
Wei Dong,Northeastern University,,,Asymmetry Stagger Array Structure Ultra-Wideband Vibration Harvester Integrating Magnetically Coupled Nonlinear Effects (2023),,,,,,https://openalex.org/A5110929783,,YES
Mingzhe Chen,North Carolina State University,,,Complex-Valued Neural-Network-Based Federated Learning for Multiuser Indoor Positioning Performance Optimization (2024),,,,,,https://openalex.org/A5072241033,,YES
